NOMBRE_MATERIAL,CATEGORIA,SUBCATEGORIA,UNIDAD_MEDIDA,FACTOR_CONV,STOCK_ACTUAL,STOCK_MIN,FECHA_VENC,COSTO_UNIT
ACETATO MIORRELAJANTE,ODONTOLOGIA,MATERIALES,UNIDAD,1,6,3,2027-12-01,8.00
ACETATO RIGIDO 0.60,ODONTOLOGIA,MATERIALES,CAJA,20,0.9,10,2027-12-01,6.50
ACETATO RIGIDO 0.80,ODONTOLOGIA,MATERIALES,CAJA,20,0,10,2027-12-01,6.50
ACIDO FLUROHIDRICO,ODONTOLOGIA,MATERIALES,UNIDAD,1,1,2,2026-08-01,15.00
ACIDO PARA COLOCACION,ODONTOLOGIA,MATERIALES,PAQUETE,3,0,10,2026-09-01,10.00
ACIDO PARA RESTAURACION,ODONTOLOGIA,MATERIALES,PAQUETE,3,0,10,2026-09-01,10.00
ACRILICO BLANCO EN POLVO,ODONTOLOGIA,MATERIALES,UNIDAD,1,3,2,2027-05-01,12.00
ACRILICO ROSADO EN POLVO,ODONTOLOGIA,MATERIALES,UNIDAD,1,1,2,2027-05-01,12.00
ACRILICO TRANSPARANTE EN POLVO,ODONTOLOGIA,MATERIALES,UNIDAD,1,0,5,2027-05-01,12.00
ACRILICOS LIQUIDO RAPIDO,ODONTOLOGIA,MATERIALES,UNIDAD,1,2,2,2026-04-01,14.00
AGUA OXIGENADA 100 VOLUMENES,ODONTOLOGIA,MATERIALES,UNIDAD,1,0,10,2026-03-01,3.00
AGUJAS CORTAS,ODONTOLOGIA,MATERIALES,UNIDAD,1,51,20,2028-01-01,0.20
AGUJAS LARGAS,ODONTOLOGIA,MATERIALES,UNIDAD,1,9,30,2028-01-01,0.25
AGUJAS PEDIATRICAS,ODONTOLOGIA,MATERIALES,UNIDAD,1,36,15,2028-01-01,0.22
AISLANTE PARA YESO,ODONTOLOGIA,MATERIALES,UNIDAD,1,1,2,2027-12-01,6.00
ALAMBRE RETENCION FIJA,ODONTOLOGIA,MATERIALES,UNIDAD,1,3,2,2027-12-01,5.00
ALGINATO,ODONTOLOGIA,MATERIALES,KILO,45,1.2,20,2026-06-01,9.00
ALGODON TRENZADO,ODONTOLOGIA,MATERIALES,RODETE ,500,0.04,10,2027-12-01,4.00
ALLCEM CORE A1,ODONTOLOGIA,MATERIALES,UNIDAD,1,1,2,2026-11-01,25.00
ALVOFAR,ODONTOLOGIA,MATERIALES,UNIDAD,1,0,5,2026-08-01,18.00
AMONIO CUATERNARIO,ODONTOLOGIA,MATERIALES,UNIDAD,1,0,10,2026-07-01,6.00
ANESTESICO AL 2%,ODONTOLOGIA,MATERIALES,UNIDAD,1,22,10,2026-07-01,2.50
ANESTESICO AL 3%,ODONTOLOGIA,MATERIALES,UNIDAD,1,19,10,2026-07-01,2.80
ANESTESICO EN SPRAY (ROXICAINA),ODONTOLOGIA,MATERIALES,FRASCO,500,0.61,50,2026-10-01,3.50
ANESTESICO TOPICO EN CREMA,ODONTOLOGIA,MATERIALES,FRASCO,100,79,20,2026-09-01,6.00
APLICADORES,ODONTOLOGIA,MATERIALES,PAQUETE,100,1.75,50,2027-12-01,3.00
BABEROS QUIRURGICOS,ODONTOLOGIA,MATERIALES,PAQUETE,125,2.08,100,2027-12-01,5.00
BANDA DE CELULOIDE / POLIESTER,ODONTOLOGIA,MATERIALES,UNIDAD,1,439,100,2027-12-01,4.50
BANDAS METALICAS MATRIZ,ODONTOLOGIA,MATERIALES,UNIDAD,1,3,5,2027-12-01,6.00
BANDA METALICA MATRIZ CON FORMA,ODONTOLOGIA,MATERIALES,UNIDAD,1,55,15,2027-12-01,7.00
BANDEJA PLASTICA PARA LAVAR INSTRUMENTALES,ODONTOLOGIA,MATERIALES,UNIDAD,1,0,5,2036-02-01,12.00
BANDEJAS PEQUENAS METALICAS,ODONTOLOGIA,MATERIALES,UNIDAD,1,3,2,2036-02-01,12.00
BARRERA GINGIVAL / TOP DAM BLUE,ODONTOLOGIA,MATERIALES,PIEZA,5,1,3,2026-08-01,18.00
BISTURI #10,ODONTOLOGIA,MATERIALES,UNIDAD,1,0,5,2027-12-01,0.50
BISTURI #11,ODONTOLOGIA,MATERIALES,UNIDAD,1,10,5,2027-12-01,0.50
BISTURI #12,ODONTOLOGIA,MATERIALES,UNIDAD,1,9,5,2027-12-01,0.50
BISTURI #15,ODONTOLOGIA,MATERIALES,UNIDAD,1,8,5,2027-12-01,0.50
BISTURI #15C,ODONTOLOGIA,MATERIALES,UNIDAD,1,1,3,2027-12-01,0.50
BISTURI #20,ODONTOLOGIA,MATERIALES,UNIDAD,1,0,5,2027-12-01,0.50
BONDING,ODONTOLOGIA,MATERIALES,FRASCO,150,1.18,30,2026-11-01,20.00
BOTONES LINGUALES,ODONTOLOGIA,MATERIALES,UNIDAD,1,10,5,2027-12-01,3.00
CADENETAS,ODONTOLOGIA,MATERIALES,UNIDAD,1,42,15,2027-12-01,4.00
CAJA PORTA PLACA,ODONTOLOGIA,MATERIALES,UNIDAD,1,18,5,2036-02-01,10.00
CEPILLOS PROFILACTICOS,ODONTOLOGIA,MATERIALES,PAQUETE,144,1.5,100,2027-12-01,0.30
CLAMS,ODONTOLOGIA,MATERIALES,UNIDAD,1,10,5,2036-02-01,8.00
CHAQUETA DE RX,ODONTOLOGIA,MATERIALES,UNIDAD,1,2,1,2036-02-01,60.00
CONDOR PORCELANA 10%,ODONTOLOGIA,MATERIALES,UNIDAD,1,1,2,2026-09-01,12.00
CUÑAS DE ROTACION,ODONTOLOGIA,MATERIALES,UNIDAD,1,42,15,2027-12-01,5.00
CUÑAS DE MADERA,ODONTOLOGIA,MATERIALES,UNIDAD,1,66,20,2027-12-01,5.00
DETARFAR,ODONTOLOGIA,MATERIALES,UNIDAD,1,0,5,2026-10-01,15.00
DICAL,ODONTOLOGIA,MATERIALES,UNIDAD,1,0,5,2026-10-01,12.00
DIQUES DE GOMAS,ODONTOLOGIA,MATERIALES,UNIDAD,1,0,10,2026-11-01,18.00
DISCO PARA STRIPPING / DE CORTE,ODONTOLOGIA,MATERIALES,UNIDAD,1,2,5,2027-12-01,8.00
ENJUAGUE PARA PACIENTES,ODONTOLOGIA,MATERIALES,UNIDAD,1,1,5,2026-06-01,6.00
ESPEJO PARA REGISTRO FOTOGRAFICO INTRAORALES,ODONTOLOGIA,MATERIALES,UNIDAD,1,9,3,2035-06-01,25.00
EUGENOL 15ML,ODONTOLOGIA,MATERIALES,FRASCO,375,1.92,100,2026-08-01,12.00
EUGENOL 6ML,ODONTOLOGIA,MATERIALES,FRASCO,375,0,5,2026-08-01,8.00
EYECTOR DE SALIVA,ODONTOLOGIA,MATERIALES,UNIDAD,1,51,20,2027-12-01,3.00
EYECTOR DE SALIVA QUIRURGICOS,ODONTOLOGIA,MATERIALES,UNIDAD,1,20,10,2027-12-01,5.00
EYECTOR PARA JERINGA TRIPLE,ODONTOLOGIA,MATERIALES,UNIDAD,1,3,5,2036-02-01,6.00
FLUOR 240 ML,ODONTOLOGIA,MATERIALES,UNIDAD,1,1,5,2026-07-01,10.00
FORMOCRESOL,ODONTOLOGIA,MATERIALES,FRASCO,365,0.4,20,2026-09-01,9.00
FRASCO OBTURA,ODONTOLOGIA,MATERIALES,UNIDAD,1,0,2,2036-02-01,5.00
FRESA DIAMANTE,ODONTOLOGIA,MATERIALES,UNIDAD,1,2,5,2027-12-01,3.00
FRESA ZEYCRA,ODONTOLOGIA,MATERIALES,UNIDAD,1,2,5,2027-12-01,3.00
FRESAS ALPINA,ODONTOLOGIA,MATERIALES,UNIDAD,1,1,5,2027-12-01,3.00
FRESAS DE CARBURO PARA ACRILICO,ODONTOLOGIA,MATERIALES,UNIDAD,1,1,5,2027-12-01,3.00
FRESAS DE CARBURO PARA MICROMOTOR,ODONTOLOGIA,MATERIALES,UNIDAD,1,0,5,2027-12-01,3.00
FRESAS PARA ACRILICO,ODONTOLOGIA,MATERIALES,UNIDAD,1,0,5,2027-12-01,3.00
FRESAS PARA DESGATAR PROTESIS FLEXIBLES,ODONTOLOGIA,MATERIALES,UNIDAD,1,0,5,2027-12-01,4.00
FRESAS PARA DESGATAR PROTESIS METALICAS,ODONTOLOGIA,MATERIALES,UNIDAD,1,0,5,2027-12-01,4.00
FRESAS PARA RETIRAR GUTAPERCHA,ODONTOLOGIA,MATERIALES,UNIDAD,1,0,5,2027-12-01,4.00
FRESA REDONDA PEQUEÑA,ODONTOLOGIA,MATERIALES,UNIDAD,1,2,5,2027-12-01,3.00
FRESA REDONDA MEDIANA,ODONTOLOGIA,MATERIALES,UNIDAD,1,2,5,2027-12-01,3.00
FRESA REDONDA GRANDE,ODONTOLOGIA,MATERIALES,UNIDAD,1,2,5,2027-12-01,3.00
FRESA PUNTA DE LAPIZ,ODONTOLOGIA,MATERIALES,UNIDAD,1,1,5,2027-12-01,3.00
FRESA TRONCO-CONICA,ODONTOLOGIA,MATERIALES,UNIDAD,1,2,5,2027-12-01,3.00
FRESA CONO INVERTIDO,ODONTOLOGIA,MATERIALES,UNIDAD,1,0,5,2027-12-01,3.00
FRESA PARA CORTAR ACETATO,ODONTOLOGIA,MATERIALES,UNIDAD,1,0,5,2027-12-01,3.50
FUNDAS PARA ESTERELIZAR MEDIANAS,ODONTOLOGIA,MATERIALES,UNIDAD,1,113,30,2027-12-01,6.00
FUNDAS PARA ESTERELIZAR PEQUENAS,ODONTOLOGIA,MATERIALES,UNIDAD,1,31,15,2027-12-01,5.00
FUNDAS PARA ESTERILIZAR GRANDES,ODONTOLOGIA,MATERIALES,UNIDAD,1,16,10,2027-12-01,7.00
GAFAS PAR PACIENTES Y DOCTORES,ODONTOLOGIA,MATERIALES,UNIDAD,1,4,2,2036-02-01,10.00
GASAS,ODONTOLOGIA,MATERIALES,CAJA,500,0.6,100,2027-12-01,3.00
GEL DE NITRATO DE POTASSIO(ULTRADENT),ODONTOLOGIA,MATERIALES,UNIDAD,1,0,5,2026-10-01,25.00
GUANTES TALLA M,ODONTOLOGIA,MATERIALES,CAJA,50,0.86,20,2027-12-01,5.00
GUANTES TALLA S,ODONTOLOGIA,MATERIALES,CAJA,50,0.8,20,2027-12-01,5.00
GUANTES TALLA XS,ODONTOLOGIA,MATERIALES,CAJA,50,0,10,2027-12-01,5.00
GUTAPERCHERO,ODONTOLOGIA,MATERIALES,UNIDAD,1,4,2,2036-02-01,6.00
HEMOSTATICO,ODONTOLOGIA,MATERIALES,FRASCO ,375,1,50,2026-10-01,12.00
HIDROXIDO DE CALCIO (BASE Y CATALIZADOR) HYDCAL,ODONTOLOGIA,MATERIALES,UNIDAD,1,0,5,2026-09-01,20.00
HIDROXIDO DE CALCIO POLVO,ODONTOLOGIA,MATERIALES,FRASCO,150,0,5,2026-09-01,12.00
HIDROXIDO DE FOTOCURADO,ODONTOLOGIA,MATERIALES,PIEZA,30,1.1,10,2026-09-01,18.00
HILO ELASTICO,ODONTOLOGIA,MATERIALES,UNIDAD,1,1,5,2027-12-01,4.00
HILO DENTAL ZEN DENT 400 MTS,ODONTOLOGIA,MATERIALES,UNIDAD,1,1,5,2027-12-01,5.00
HILOS DE SUTURA DE NYLON,ODONTOLOGIA,MATERIALES,UNIDAD,1,15,10,2027-08-01,6.00
HIPOCLORITO DE SODIO,ODONTOLOGIA,MATERIALES,UNIDAD,1,2,5,2026-04-01,4.00
HOOKS,ODONTOLOGIA,MATERIALES,UNIDAD,1,45,15,2027-12-01,3.00
IONOMERO DE VIDRIO,ODONTOLOGIA,MATERIALES,PIEZA,38,1,15,2026-11-01,25.00
JERINGA 10 ML,ODONTOLOGIA,MATERIALES,UNIDAD,1,10,5,2036-02-01,0.50
JERINGA 3 ML,ODONTOLOGIA,MATERIALES,UNIDAD,1,2,5,2036-02-01,0.40
JERINGA 5 ML,ODONTOLOGIA,MATERIALES,UNIDAD,1,8,5,2036-02-01,0.40
JERINGA DE INSULINA (1ML),ODONTOLOGIA,MATERIALES,UNIDAD,1,0,10,2027-12-01,0.50
JERINGA KIP 1 EQUIPO,ODONTOLOGIA,MATERIALES,UNIDAD,1,0,5,2036-02-01,8.00
DISCOS PARA PULIR RESINA,ODONTOLOGIA,MATERIALES,PAQUETE,40,1,15,2027-12-01,10.00
KIT DE BLANQUEAMIENTO ROJO 35%,ODONTOLOGIA,MATERIALES,PAQUETE,10,0.9,5,2026-10-01,35.00
LAMINAS DE CERA ROSADA,ODONTOLOGIA,MATERIALES,UNIDAD,1,8,5,2027-12-01,6.00
LENTULO,ODONTOLOGIA,MATERIALES,UNIDAD,1,0,5,2027-12-01,5.00
LIGADURA METALICA 0.20 MM,ODONTOLOGIA,MATERIALES,UNIDAD,1,2,5,2027-12-01,3.00
LIGADURA METALICA 0.25 MM,ODONTOLOGIA,MATERIALES,UNIDAD,1,1,5,2027-12-01,3.00
LIGADURA METALICA 0.30 MM,ODONTOLOGIA,MATERIALES,UNIDAD,1,1,5,2027-12-01,3.00
LIGAS INTERMAXILARES ARDILLA,ODONTOLOGIA,MATERIALES,UNIDAD,1,14,10,2027-12-01,4.00
LIGAS INTERMAXILARES CONEJO,ODONTOLOGIA,MATERIALES,UNIDAD,1,20,10,2027-12-01,4.00
LIGAS INTERMAXILARES MONO,ODONTOLOGIA,MATERIALES,UNIDAD,1,35,15,2027-12-01,4.00
LIGAS INTERMAXILARES PINGUINO,ODONTOLOGIA,MATERIALES,UNIDAD,1,27,10,2027-12-01,4.00
LIGAS INTERMAXILARES ZORRO,ODONTOLOGIA,MATERIALES,UNIDAD,1,20,10,2027-12-01,4.00
LIQUIDO FIJADOR,ODONTOLOGIA,MATERIALES,UNIDAD,1,0,10,2026-06-01,8.00
LIQUIDO REVELADOR,ODONTOLOGIA,MATERIALES,UNIDAD,1,0,10,2026-06-01,8.00
MANDRIL PARA DISCO DE STRIPPING,ODONTOLOGIA,MATERIALES,UNIDAD,1,3,5,2036-02-01,6.00
MASCARILLAS QUIRURGICAS,ODONTOLOGIA,MATERIALES,UNIDAD,1,0,50,2027-12-01,3.00
MODULOS (variado),ODONTOLOGIA,MATERIALES,PAQUETE,40,42.2,200,2027-12-01,6.00
MODULOS SEPARADORES O ESPACIADORES,ODONTOLOGIA,MATERIALES,UNIDAD,1,24,10,2027-12-01,5.00
OXIDO DE ZINC (POLVO) 175 G,ODONTOLOGIA,MATERIALES,FRASCO,1750,0.14,50,2026-10-01,10.00
PAPEL ARTICULAR,ODONTOLOGIA,MATERIALES,TIRAS,36,2,20,2027-12-01,5.00
PAPEL MEZCLADOR,ODONTOLOGIA,MATERIALES,UNIDAD,1,1,5,2027-12-01,4.00
PASTA PROFILACTICA 100G,ODONTOLOGIA,MATERIALES,FRASCO,175,1.08,50,2026-09-01,7.00
PASTILLERO PARA REPOSICIONES,ODONTOLOGIA,MATERIALES,UNIDAD,1,0,5,2036-02-01,5.00
PIEDRA POMEZ,ODONTOLOGIA,MATERIALES,FRASCO,500,0.37,50,2027-12-01,4.00
POSTE DE FIBRA DE VIDRIO,ODONTOLOGIA,MATERIALES,UNIDAD,1,5,3,2027-12-01,12.00
POSTE METALICOS,ODONTOLOGIA,MATERIALES,UNIDAD,1,0,5,2036-02-01,10.00
PORTA BONDING,ODONTOLOGIA,MATERIALES,UNIDAD,1,1,3,2036-02-01,8.00
RADIOGRAFIA CON LIQUIDOS,ODONTOLOGIA,MATERIALES,UNIDAD,1,98,30,2026-07-01,15.00
RADIOGRAFIAS SIN LIQUIDO,ODONTOLOGIA,MATERIALES,UNIDAD,1,0,10,2026-07-01,15.00
RATONES,ODONTOLOGIA,MATERIALES,UNIDAD,1,7,3,2036-02-01,6.00
RESINA ALVEOLEX,ODONTOLOGIA,MATERIALES,UNIDAD,1,1,3,2026-10-01,18.00
RESINA FILL MAGIC ESMALTE A3,ODONTOLOGIA,MATERIALES,UNIDAD,1,1,3,2026-10-01,20.00
RESORTE NITI ABIERTO,ODONTOLOGIA,MATERIALES,UNIDAD,1,7,5,2027-12-01,5.00
RESORTE NITI CERRADO,ODONTOLOGIA,MATERIALES,UNIDAD,1,39,15,2027-12-01,5.00
RODETE DE CERA ROSADA PARA REGISTRO DE MORDIDA,ODONTOLOGIA,MATERIALES,UNIDAD,1,8,5,2027-12-01,6.00
RODETE DE CERA AMARILLA PARA REGISTRO DE MORDIDA,ODONTOLOGIA,MATERIALES,UNIDAD,1,10,5,2027-12-01,6.00
SELLANTE,ODONTOLOGIA,MATERIALES,UNIDAD,1,30,10,2026-10-01,20.00
SILANE,ODONTOLOGIA,MATERIALES,UNIDAD,1,1,3,2026-09-01,15.00
SOBRE PARA RADIOGRAFIA PERIAPICAL,ODONTOLOGIA,MATERIALES,UNIDAD,1,0,10,2027-12-01,6.00
TEFLON,ODONTOLOGIA,MATERIALES,UNIDAD,1,6,3,2027-12-01,2.00
TIRA DE LIJA METALICA 0.2 MM,ODONTOLOGIA,MATERIALES,TIRA,36,1,10,2027-12-01,6.00
TIRA DE LIJA METALICA 0.4 MM,ODONTOLOGIA,MATERIALES,TIRA,36,1.5,15,2027-12-01,6.00
TIRA DE LIJA METALICA 0.6 MM,ODONTOLOGIA,MATERIALES,TIRA,36,1,10,2027-12-01,6.00
TIRA NERVIOS,ODONTOLOGIA,MATERIALES,UNIDAD,1,0,5,2027-12-01,5.00
TIRAS DE LIJAS DE PAPEL,ODONTOLOGIA,MATERIALES,UNIDAD,1,0,5,2027-12-01,5.00
TOPES METALICOS,ODONTOLOGIA,MATERIALES,UNIDAD,1,26,10,2027-12-01,4.00
TORNILLOS DE EXPANSION,ODONTOLOGIA,MATERIALES,UNIDAD,1,0,5,2036-02-01,12.00
TRAMPAS LINGUALES,ODONTOLOGIA,MATERIALES,UNIDAD,1,28,10,2027-12-01,6.00
XILOL,ODONTOLOGIA,MATERIALES,UNIDAD,1,0,5,2026-08-01,10.00
YESO EXTRADURO,ODONTOLOGIA,MATERIALES,KILO,20,0.3,10,2027-12-01,12.00
ACERO 12 L,ODONTOLOGIA,ARCOS,PAQUETE,10,5.4,20,2036-02-01,25.00
ACERO 12 U,ODONTOLOGIA,ARCOS,PAQUETE,10,6.2,20,2036-02-01,25.00
ACERO 14 L,ODONTOLOGIA,ARCOS,PAQUETE,10,5,20,2036-02-01,25.00
ACERO 14 U,ODONTOLOGIA,ARCOS,PAQUETE,10,5.8,20,2036-02-01,25.00
ACERO 16 L,ODONTOLOGIA,ARCOS,PAQUETE,10,6.1,25,2036-02-01,30.00
ACERO 16 U,ODONTOLOGIA,ARCOS,PAQUETE,10,5.6,25,2036-02-01,30.00
ACERO 16 X 16 L,ODONTOLOGIA,ARCOS,PAQUETE,10,2.6,15,2036-02-01,35.00
ACERO 16 X 16 U,ODONTOLOGIA,ARCOS,PAQUETE,10,2.3,15,2036-02-01,35.00
ACERO 16 X 22 L,ODONTOLOGIA,ARCOS,PAQUETE,10,2.4,15,2036-02-01,35.00
ACERO 16 X 22 U,ODONTOLOGIA,ARCOS,PAQUETE,10,2.3,15,2036-02-01,35.00
ACERO 16 X 25 L,ODONTOLOGIA,ARCOS,PAQUETE,10,2,15,2036-02-01,35.00
ACERO 16 X 25 U,ODONTOLOGIA,ARCOS,PAQUETE,10,2.1,15,2036-02-01,35.00
ACERO 17X22 L,ODONTOLOGIA,ARCOS,PAQUETE,10,1.8,10,2036-02-01,35.00
ACERO 17X22 U,ODONTOLOGIA,ARCOS,PAQUETE,10,1.5,10,2036-02-01,35.00
ACERO 17 X 25 L,ODONTOLOGIA,ARCOS,PAQUETE,10,2.1,10,2036-02-01,35.00
ACERO 17 X 25 U,ODONTOLOGIA,ARCOS,PAQUETE,10,1.6,10,2036-02-01,35.00
ACERO 18 L,ODONTOLOGIA,ARCOS,PAQUETE,10,6.4,25,2036-02-01,35.00
ACERO18 U,ODONTOLOGIA,ARCOS,PAQUETE,10,6.3,25,2036-02-01,35.00
ACERO 18 X 22 L,ODONTOLOGIA,ARCOS,PAQUETE,10,1.7,10,2036-02-01,38.00
ACERO18 x 22 U,ODONTOLOGIA,ARCOS,PAQUETE,10,1,10,2036-02-01,38.00
ACERO18 X 25 L,ODONTOLOGIA,ARCOS,PAQUETE,10,1.1,10,2036-02-01,38.00
ACERO 18 X 25 U,ODONTOLOGIA,ARCOS,PAQUETE,10,2.4,10,2036-02-01,38.00
ACERO 19 X 22 L,ODONTOLOGIA,ARCOS,PAQUETE,10,0,10,2036-02-01,40.00
ACERO 19 X 22 U,ODONTOLOGIA,ARCOS,PAQUETE,10,0,10,2036-02-01,40.00
ACERO 19 X 25 L,ODONTOLOGIA,ARCOS,PAQUETE,10,2,10,2036-02-01,40.00
ACERO19 X 25 U,ODONTOLOGIA,ARCOS,PAQUETE,10,0.5,10,2036-02-01,40.00
ACERO 20 L,ODONTOLOGIA,ARCOS,PAQUETE,10,4.5,15,2036-02-01,45.00
ACERO20 U,ODONTOLOGIA,ARCOS,PAQUETE,10,3.9,15,2036-02-01,45.00
ACERO 21X25 L,ODONTOLOGIA,ARCOS,PAQUETE,10,2,10,2036-02-01,45.00
ACERO 21X25 U,ODONTOLOGIA,ARCOS,PAQUETE,10,1.1,10,2036-02-01,45.00
NITI 12 L,ODONTOLOGIA,ARCOS,PAQUETE,10,2.5,15,2036-02-01,50.00
NITI 12 U,ODONTOLOGIA,ARCOS,PAQUETE,10,3.8,15,2036-02-01,50.00
NITI 14 L,ODONTOLOGIA,ARCOS,PAQUETE,10,0.4,10,2036-02-01,55.00
NITI 14 U,ODONTOLOGIA,ARCOS,PAQUETE,10,0.7,10,2036-02-01,55.00
NITI 16 L,ODONTOLOGIA,ARCOS,PAQUETE,10,0,10,2036-02-01,60.00
NITI 16 U,ODONTOLOGIA,ARCOS,PAQUETE,10,0.1,10,2036-02-01,60.00
NITI 16 X 16 L,ODONTOLOGIA,ARCOS,PAQUETE,10,0.4,10,2036-02-01,65.00
NITI 16 X 16 U,ODONTOLOGIA,ARCOS,PAQUETE,10,0.7,10,2036-02-01,65.00
NITI 16 X 22 L,ODONTOLOGIA,ARCOS,PAQUETE,10,1.2,10,2036-02-01,65.00
NITI 16 X 22 U,ODONTOLOGIA,ARCOS,PAQUETE,10,0.2,10,2036-02-01,65.00
NITI 16 X 25 L,ODONTOLOGIA,ARCOS,PAQUETE,10,0,10,2036-02-01,65.00
NITI 16 X 25 U,ODONTOLOGIA,ARCOS,PAQUETE,10,0.1,10,2036-02-01,65.00
NITI 17 X 22 L,ODONTOLOGIA,ARCOS,PAQUETE,10,4.9,20,2036-02-01,65.00
NITI 17 X 22 U,ODONTOLOGIA,ARCOS,PAQUETE,10,4.5,20,2036-02-01,65.00
NITI 17X25 L,ODONTOLOGIA,ARCOS,PAQUETE,10,1.8,10,2036-02-01,65.00
NITI 17X25U,ODONTOLOGIA,ARCOS,PAQUETE,10,2,10,2036-02-01,65.00
NITI 18 L,ODONTOLOGIA,ARCOS,PAQUETE,10,4.4,20,2036-02-01,70.00
NITI 18 U,ODONTOLOGIA,ARCOS,PAQUETE,10,4.6,20,2036-02-01,70.00
NITI 18 X 22 L,ODONTOLOGIA,ARCOS,PAQUETE,10,0.4,10,2036-02-01,70.00
NITI 18 X 22 U,ODONTOLOGIA,ARCOS,PAQUETE,10,3.7,15,2036-02-01,70.00
NITI 18 X 25 L,ODONTOLOGIA,ARCOS,PAQUETE,10,0,10,2036-02-01,70.00
NITI 18 X 25 U,ODONTOLOGIA,ARCOS,PAQUETE,10,0.4,10,2036-02-01,70.00
NITI 19 X 25 L,ODONTOLOGIA,ARCOS,PAQUETE,10,1.6,10,2036-02-01,75.00
NITI 19 X 25 U,ODONTOLOGIA,ARCOS,PAQUETE,10,1.7,10,2036-02-01,75.00
NITI 20 L,ODONTOLOGIA,ARCOS,PAQUETE,10,1.7,10,2036-02-01,80.00
NITI 20 U,ODONTOLOGIA,ARCOS,PAQUETE,10,1.8,10,2036-02-01,80.00
NITI 21 X 25 L,ODONTOLOGIA,ARCOS,PAQUETE,10,1,10,2036-02-01,85.00
NITI 21 X 25 U,ODONTOLOGIA,ARCOS,PAQUETE,10,1,10,2036-02-01,85.00
NITI FLEXIBLE 12 U,ODONTOLOGIA,ARCOS,PAQUETE,10,0,2,2036-02-01,60.00
NITI FLEXIBLE 12 L,ODONTOLOGIA,ARCOS,PAQUETE,10,0,2,2036-02-01,60.00
NITI FLEXIBLE 14U,ODONTOLOGIA,ARCOS,PAQUETE,10,0,2,2036-02-01,65.00
NITI FLEXIBLE 14 L,ODONTOLOGIA,ARCOS,PAQUETE,10,0,2,2036-02-01,65.00
NITI FLXIBLE 18 U,ODONTOLOGIA,ARCOS,PAQUETE,10,0,2,2036-02-01,70.00
NITI FLEXIBLE 18 L,ODONTOLOGIA,ARCOS,PAQUETE,10,0,2,2036-02-01,70.00
NITI FLEXIBLE 20 U,ODONTOLOGIA,ARCOS,PAQUETE,10,0,2,2036-02-01,75.00
NITI FLEXIBLE 16.16 U,ODONTOLOGIA,ARCOS,PAQUETE,10,0,2,2036-02-01,65.00
NITI FLEXIBLE 16.16L,ODONTOLOGIA,ARCOS,PAQUETE,10,0,2,2036-02-01,65.00
EXPANSIVO NITI 12,ODONTOLOGIA,ARCOS,UNIDAD,1,1,2,2036-02-01,15.00
EXPANSIVO NITI 14,ODONTOLOGIA,ARCOS,UNIDAD,1,1,2,2036-02-01,15.00
EXPANSIVO NITI 16,ODONTOLOGIA,ARCOS,UNIDAD,1,1,2,2036-02-01,15.00
EXPANSIVO NITI 18,ODONTOLOGIA,ARCOS,UNIDAD,1,0,2,2036-02-01,16.00
EXPANSIVO NITI 16.22 U,ODONTOLOGIA,ARCOS,UNIDAD,1,0,2,2036-02-01,16.00
EXPANSIVO NITI 20 U,ODONTOLOGIA,ARCOS,UNIDAD,1,0,2,2036-02-01,16.00
"EXPANSIVO NITI 12 (0,10)",ODONTOLOGIA,ARCOS,UNIDAD,1,0,2,2036-02-01,15.00
JUEGO DE BRACKETS ESTETICOS,ODONTOLOGIA,BRACKETS,CAJA,20,1,3,2036-02-01,220.00
JUEGO DE BRACKETS CERAMICA,ODONTOLOGIA,BRACKETS,CAJA,20,1,3,2036-02-01,230.00
JUEGO DE BRACKETS MORELLI CLASE 3,ODONTOLOGIA,BRACKETS,CAJA,20,1,3,2036-02-01,110.00
JUEGO DE BRACKETS ORHTOMETRIC,ODONTOLOGIA,BRACKETS,CAJA,100,1,3,2036-02-01,200.00
BRACKET 11,ODONTOLOGIA,BRACKETS,UNIDAD,1,44,15,2036-02-01,2.00
BRACKET 12,ODONTOLOGIA,BRACKETS,UNIDAD,1,44,15,2036-02-01,2.00
BRACKET 13,ODONTOLOGIA,BRACKETS,UNIDAD,1,50,20,2036-02-01,2.00
BRACKET 14,ODONTOLOGIA,BRACKETS,UNIDAD,1,49,20,2036-02-01,2.00
BRACKET 15,ODONTOLOGIA,BRACKETS,UNIDAD,1,42,15,2036-02-01,2.00
BRACKET 21,ODONTOLOGIA,BRACKETS,UNIDAD,1,48,20,2036-02-01,2.00
BRACKET 22,ODONTOLOGIA,BRACKETS,UNIDAD,1,52,20,2036-02-01,2.00
BRACKET 23,ODONTOLOGIA,BRACKETS,UNIDAD,1,52,20,2036-02-01,2.00
BRACKET 24,ODONTOLOGIA,BRACKETS,UNIDAD,1,49,20,2036-02-01,2.00
BRACKET 25,ODONTOLOGIA,BRACKETS,UNIDAD,1,35,15,2036-02-01,2.00
BRACKET 31,ODONTOLOGIA,BRACKETS,UNIDAD,1,47,20,2036-02-01,2.00
BRACKET 32,ODONTOLOGIA,BRACKETS,UNIDAD,1,53,20,2036-02-01,2.00
BRACKET 33,ODONTOLOGIA,BRACKETS,UNIDAD,1,52,20,2036-02-01,2.00
BRACKET 34,ODONTOLOGIA,BRACKETS,UNIDAD,1,47,20,2036-02-01,2.00
BRACKET 35,ODONTOLOGIA,BRACKETS,UNIDAD,1,32,15,2036-02-01,2.00
BRACKET 41,ODONTOLOGIA,BRACKETS,UNIDAD,1,53,20,2036-02-01,2.00
BRACKET 42,ODONTOLOGIA,BRACKETS,UNIDAD,1,54,20,2036-02-01,2.00
BRACKET 43,ODONTOLOGIA,BRACKETS,UNIDAD,1,50,20,2036-02-01,2.00
BRACKET 44,ODONTOLOGIA,BRACKETS,UNIDAD,1,45,15,2036-02-01,2.00
BRACKET 45,ODONTOLOGIA,BRACKETS,UNIDAD,1,10,15,2036-02-01,2.00
TUBO BRACKET METALICO 16,ODONTOLOGIA,BRACKETS,UNIDAD,1,22,10,2036-02-01,3.00
TUBO BRACKET METALICO 26,ODONTOLOGIA,BRACKETS,UNIDAD,1,13,10,2036-02-01,3.00
TUBO BRACKET METALICO 36,ODONTOLOGIA,BRACKETS,UNIDAD,1,42,15,2036-02-01,3.00
TUBO BRACKET METALICO 46,ODONTOLOGIA,BRACKETS,UNIDAD,1,30,15,2036-02-01,3.00
TUBO BRACKET METALICO 17,ODONTOLOGIA,BRACKETS,UNIDAD,1,55,20,2036-02-01,3.00
TUBO BRACKET METALICO 27,ODONTOLOGIA,BRACKETS,UNIDAD,1,56,20,2036-02-01,3.00
TUBO BRACKET METALICO 37,ODONTOLOGIA,BRACKETS,UNIDAD,1,37,15,2036-02-01,3.00
TUBO BRACKET METALICO 47,ODONTOLOGIA,BRACKETS,UNIDAD,1,29,15,2036-02-01,3.00
ALCOHOL ANTISEPTICO,ODONTOLOGIA,LIMPIEZA,UNIDAD,1,0,5,2026-09-10,3.50
ALCOHOL INDUSTRIAL,ODONTOLOGIA,LIMPIEZA,UNIDAD,1,1,5,2027-01-15,4.00
ALCOHOL EN GEL,ODONTOLOGIA,LIMPIEZA,UNIDAD,1,0,5,2026-10-05,3.00
ATOMIZADOR,ODONTOLOGIA,LIMPIEZA,UNIDAD,1,4,2,2028-06-20,2.50
BALDE DE TRAPEADOR,ODONTOLOGIA,LIMPIEZA,UNIDAD,1,1,2,2028-08-01,12.00
BICARBONATO DE SODIO,ODONTOLOGIA,LIMPIEZA,UNIDAD,1,0,5,2027-03-12,2.00
CEPILLO PARA ESCUPIDERA REDONDO,ODONTOLOGIA,LIMPIEZA,UNIDAD,1,2,2,2028-04-18,1.50
CEPILLO PARA INSTRUMENTAL,ODONTOLOGIA,LIMPIEZA,UNIDAD,1,0,2,2028-04-18,2.00
CERA PARA MUEBLES,ODONTOLOGIA,LIMPIEZA,UNIDAD,1,2,2,2027-11-30,5.00
CLORO GALON,ODONTOLOGIA,LIMPIEZA,UNIDAD,1,1,3,2026-08-25,3.20
CLORHEXIDINA,ODONTOLOGIA,LIMPIEZA,UNIDAD,1,0,3,2026-12-10,8.00
CREOLINA GALON,ODONTOLOGIA,LIMPIEZA,UNIDAD,1,0,2,2027-05-22,6.50
DETERGENTE XLIBRA,ODONTOLOGIA,LIMPIEZA,UNIDAD,1,2,3,2027-09-01,4.50
DESINFECTANTE GALON,ODONTOLOGIA,LIMPIEZA,UNIDAD,1,0,3,2026-10-30,5.50
DESOXIDANTE,ODONTOLOGIA,LIMPIEZA,UNIDAD,1,0,2,2027-06-14,7.00
DESMANCHADOR PARA PLACAS,ODONTOLOGIA,LIMPIEZA,UNIDAD,1,0,2,2027-07-19,9.00
DESTAPA CAÑERIAS,ODONTOLOGIA,LIMPIEZA,UNIDAD,1,1,2,2027-02-28,6.00
ESENCIA PARA HUMIFICADOR,ODONTOLOGIA,LIMPIEZA,UNIDAD,1,0,2,2028-01-10,3.80
ESCOBA,ODONTOLOGIA,LIMPIEZA,UNIDAD,1,2,1,2028-05-05,4.00
FUNDAS MULTIPRODUCTOS,ODONTOLOGIA,LIMPIEZA,PAQUETE,100,0.98,20,2028-09-01,8.00
FUNDA NEGRA GRA 30X36,ODONTOLOGIA,LIMPIEZA,PAQUETE,10,0.4,10,2028-09-01,1.00
FUNDA NEGRA MED 23X28,ODONTOLOGIA,LIMPIEZA,PAQUETE,10,3.7,15,2028-09-01,0.80
FUNDA NEGRA PEQ 18X20,ODONTOLOGIA,LIMPIEZA,PAQUETE,10,0,15,2028-09-01,0.60
FUNDA NEGRA DE 34*44,ODONTOLOGIA,LIMPIEZA,PAQUETE,10,4.6,20,2028-09-01,1.20
FUNDA ROJA GRA 30X36,ODONTOLOGIA,LIMPIEZA,PAQUETE,10,3.4,15,2028-09-01,1.10
FUNDA ROJA MED 23X28,ODONTOLOGIA,LIMPIEZA,PAQUETE,10,1.2,15,2028-09-01,0.90
FUNDA ROJA PEQ 18X20,ODONTOLOGIA,LIMPIEZA,PAQUETE,10,4,15,2028-09-01,0.70
INCIENSO,ODONTOLOGIA,LIMPIEZA,PAQUETE,10,1.3,5,2028-03-03,1.50
JABON LIQUIDO,ODONTOLOGIA,LIMPIEZA,UNIDAD,1,2,5,2027-04-25,4.20
LIMPIA VIDRIO WIP WIP,ODONTOLOGIA,LIMPIEZA,UNIDAD,1,3,3,2027-08-18,3.30
LUBRICANTES PARA PIEZA DE MANOS,ODONTOLOGIA,LIMPIEZA,UNIDAD,1,2,3,2026-11-11,15.00
PAPEL HIGIENICO 200 MTS,ODONTOLOGIA,LIMPIEZA,UNIDAD,1,4,6,2028-06-01,6.00
PAÑO PARA TRAPEAR,ODONTOLOGIA,LIMPIEZA,UNIDAD,1,1,2,2028-07-07,3.50
PAQUETE DE SERVILLETAS,ODONTOLOGIA,LIMPIEZA,PAQUETE,300,6.6,500,2028-12-01,6
PILAS AA,ODONTOLOGIA,LIMPIEZA,PAQUETE,1,2,6,2029-01-15,0.80
PILAS AAA,ODONTOLOGIA,LIMPIEZA,PAQUETE,1,4,6,2029-01-15,0.75
RECOGEDOR DE BASURA,ODONTOLOGIA,LIMPIEZA,UNIDAD,1,1,2,2028-05-20,3.00
SILICONA ABRILLANTADORA,ODONTOLOGIA,LIMPIEZA,UNIDAD,1,0,2,2027-10-10,6.80
TOALLAS PARA SECAR INSTRUMENTAL,ODONTOLOGIA,LIMPIEZA,UNIDAD,1,7,5,2028-08-08,2.50
TOALLAS EN Z,ODONTOLOGIA,LIMPIEZA,PAQUETE,1,34,15,2028-11-11,1.20
TOALLA PISO LIMPIEZA,ODONTOLOGIA,LIMPIEZA,UNIDAD,1,1,2,2028-07-15,4.50
ULTRA SARRO WIP WIP,ODONTOLOGIA,LIMPIEZA,UNIDAD,1,2,3,2027-09-09,5.00
VASOS PLASTICOS 60 OZ,ODONTOLOGIA,LIMPIEZA,PAQUETE,50,2.4,50,2028-10-10,2.00
VINAGRE,ODONTOLOGIA,LIMPIEZA,UNIDAD,1,1,3,2027-02-02,2.20
ADORNO MUELITAS,ODONTOLOGIA,PAPELERIA,UNIDAD,1,1,2,2029-01-01,5.00
ALMOADILLA DACTILAR,ODONTOLOGIA,PAPELERIA,UNIDAD,1,1,2,2028-06-15,3.50
BORRADOR PARA ACETATOS,ODONTOLOGIA,PAPELERIA,UNIDAD,1,2,2,2028-08-20,1.50
CINTA DE EMBALAJE / CINTA NEGRA,ODONTOLOGIA,PAPELERIA,UNIDAD,1,0,5,2028-05-05,2.00
CINTA DOBLE FAST,ODONTOLOGIA,PAPELERIA,UNIDAD,1,0,5,2028-05-05,2.50
CINTA DE PAPEL,ODONTOLOGIA,PAPELERIA,UNIDAD,1,0,5,2028-05-05,1.80
CUADERNO DE CONTABILIDAD,ODONTOLOGIA,PAPELERIA,UNIDAD,1,3,2,2029-02-10,4.00
ESFEROS,ODONTOLOGIA,PAPELERIA,UNIDAD,1,9,10,2029-03-01,0.50
ESTILETE,ODONTOLOGIA,PAPELERIA,UNIDAD,1,0,2,2028-07-07,3.00
HISTORIAS CLINICAS,ODONTOLOGIA,PAPELERIA,UNIDAD,1,411,100,2029-12-31,0.05
FANTOMA,ODONTOLOGIA,PAPELERIA,UNIDAD,1,2,1,2029-06-01,80.00
FICHAS PROTESIS,ODONTOLOGIA,PAPELERIA,UNIDAD,1,31,10,2029-11-11,0.10
RESMAS DE HOJA,ODONTOLOGIA,PAPELERIA,UNIDAD,1,2,5,2028-09-09,6.50
CARPETAS LOMO GRUESO,ODONTOLOGIA,PAPELERIA,UNIDAD,1,0,5,2029-04-04,2.20
LAPIZ BICOLOR,ODONTOLOGIA,PAPELERIA,UNIDAD,1,1,5,2029-01-15,0.60
PAQUETE VOLANTES,ODONTOLOGIA,PAPELERIA,UNIDAD,1,0,10,2028-12-12,0.03
PAQUETE DE SEPARADOR,ODONTOLOGIA,PAPELERIA,UNIDAD,1,0,5,2028-10-10,1.50
PENDRIVE,ODONTOLOGIA,PAPELERIA,UNIDAD,1,1,2,2030-01-01,12.00
RESALTADOR,ODONTOLOGIA,PAPELERIA,UNIDAD,1,3,5,2029-05-05,1.20
RECETARIO,ODONTOLOGIA,PAPELERIA,PAQUETE,100,1,5,2029-07-07,10.00
SELLO FECHAS,ODONTOLOGIA,PAPELERIA,UNIDAD,1,1,1,2029-03-03,6.00
LIQUIPAPER,ODONTOLOGIA,PAPELERIA,UNIDAD,1,0,3,2028-08-08,2.00
TALONARIO DOCTORES,ODONTOLOGIA,PAPELERIA,UNIDAD,1,5,3,2029-09-09,1.50
TARJETAS DE PRESENTACION,ODONTOLOGIA,PAPELERIA,UNIDAD,1,0,50,2029-12-12,0.05
TINTA PARA IMPRESORA ROJO,ODONTOLOGIA,PAPELERIA,UNIDAD,1,0,2,2026-11-11,15.00
TINTA PARA IMPRESORA AMARILLO,ODONTOLOGIA,PAPELERIA,UNIDAD,1,1,2,2026-12-01,15.00
TINTA PARA IMPRESORA NEGRO,ODONTOLOGIA,PAPELERIA,UNIDAD,1,1,2,2026-12-01,18.00
TINTA PARA IMPRESORA AZUL,ODONTOLOGIA,PAPELERIA,UNIDAD,1,1,2,2026-12-01,15.00
VOLANTES,ODONTOLOGIA,PAPELERIA,UNIDAD,1,0,100,2029-12-12,0.02
RESINA PARA COLOCACION,ODONTOLOGIA,RESINAS,PIEZA,240,0.1,10,2027-03-15,25.00
RESINA A1 PARA RESTAURACION,ODONTOLOGIA,RESINAS,PIEZA,40,0,5,2027-01-10,28.00
RESINA A2 PARA COLOCACION,ODONTOLOGIA,RESINAS,PIEZA,240,0,5,2027-01-10,26.00
RESINAS A2 PARA RESTAURACION,ODONTOLOGIA,RESINAS,PIEZA,40,3.45,30,2026-11-20,28.00
RESINAS A1 PARA RESTAURACION,ODONTOLOGIA,RESINAS,PIEZA,40,0.2,10,2027-02-05,28.00
RESINA EB2,ODONTOLOGIA,RESINAS,PIEZA,40,1.35,15,2026-12-15,27.00
RESINA A3 PARA RESTAURACION,ODONTOLOGIA,RESINAS,PIEZA,40,2.35,20,2026-10-30,28.00
RESINA PARA TOPES,ODONTOLOGIA,RESINAS,PIEZA,40,0.7,10,2027-04-01,24.00
RESINA FLUIDA A1,ODONTOLOGIA,RESINAS,PIEZA,40,0.9,10,2026-09-25,30.00
RESINA FLUIDA A2,ODONTOLOGIA,RESINAS,PIEZA,40,0.35,10,2026-10-10,30.00
RESINA FLUIDA A3,ODONTOLOGIA,RESINAS,PIEZA,40,1.1,15,2026-11-05,30.00
RESINA A3.5 PARA RESTAURACION,ODONTOLOGIA,RESINAS,PIEZA,30,1.3,15,2026-12-01,28.00
RESINA B1 PARA RESTAURACION,ODONTOLOGIA,RESINAS,PIEZA,30,2.3,20,2027-01-20,28.00
RESINA VITRA (COMPOSITA FOTOPOLIMERIZABLE),ODONTOLOGIA,RESINAS,UNIDAD,1,1,3,2027-03-01,35.00
RESINA ORTHOMETRIC,ODONTOLOGIA,RESINAS,UNIDAD,1,0,5,2027-05-05,32.00
VASELINA,ODONTOLOGIA,RESINAS,UNIDAD,1,1,2,2028-06-06,4.00
